{
  "baseline": {
    "per_channel_db": [
      3.9773294290777956,
      4.863418319586818,
      3.4855120673829116,
      3.7449751197082204
    ],
    "average_db": 4.017808733938937
  },
  "yours": {
    "per_channel_db": [
      8.771071491328701,
      7.548944487940484,
      10.047890862323802,
      7.705802642166567
    ],
    "average_db": 8.51842737093989
  }
}